#,link,title,acceptance,difficulty
"314","https://leetcode.com/problems/binary-tree-vertical-order-traversal","314. Binary Tree Vertical Order Traversal","56.5%","Medium"
"1371","https://leetcode.com/problems/minimum-remove-to-make-valid-parentheses","1249. Minimum Remove to Make Valid Parentheses","70.2%","Medium"
"560","https://leetcode.com/problems/subarray-sum-equals-k","560. Subarray Sum Equals K","44.9%","Medium"
"215","https://leetcode.com/problems/kth-largest-element-in-an-array","215. Kth Largest Element in an Array","67.6%","Medium"
"1790","https://leetcode.com/problems/lowest-common-ancestor-of-a-binary-tree-iii","1650. Lowest Common Ancestor of a Binary Tree III","81.8%","Medium"
"680","https://leetcode.com/problems/valid-palindrome-ii","680. Valid Palindrome II","42.4%","Easy"
"1909","https://leetcode.com/problems/buildings-with-an-ocean-view","1762. Buildings With an Ocean View","80.5%","Medium"
"408","https://leetcode.com/problems/valid-word-abbreviation","408. Valid Word Abbreviation","36.6%","Easy"
"227","https://leetcode.com/problems/basic-calculator-ii","227. Basic Calculator II","45.2%","Medium"
"543","https://leetcode.com/problems/diameter-of-binary-tree","543. Diameter of Binary Tree","62.7%","Easy"
"88","https://leetcode.com/problems/merge-sorted-array","88. Merge Sorted Array","52.2%","Easy"
"138","https://leetcode.com/problems/copy-list-with-random-pointer","138. Copy List with Random Pointer","59.4%","Medium"
"912","https://leetcode.com/problems/random-pick-with-weight","528. Random Pick with Weight","48.2%","Medium"
"71","https://leetcode.com/problems/simplify-path","71. Simplify Path","46.5%","Medium"
"162","https://leetcode.com/problems/find-peak-element","162. Find Peak Element","46.3%","Medium"
"339","https://leetcode.com/problems/nested-list-weight-sum","339. Nested List Weight Sum","85.1%","Medium"
"1713","https://leetcode.com/problems/dot-product-of-two-sparse-vectors","1570. Dot Product of Two Sparse Vectors","89.9%","Medium"
"236","https://leetcode.com/problems/lowest-common-ancestor-of-a-binary-tree","236. Lowest Common Ancestor of a Binary Tree","65.6%","Medium"
"129","https://leetcode.com/problems/sum-root-to-leaf-numbers","129. Sum Root to Leaf Numbers","67.8%","Medium"
"1029","https://leetcode.com/problems/vertical-order-traversal-of-a-binary-tree","987. Vertical Order Traversal of a Binary Tree","50.3%","Hard"
"347","https://leetcode.com/problems/top-k-frequent-elements","347. Top K Frequent Elements","64.0%","Medium"
"1046","https://leetcode.com/problems/max-consecutive-ones-iii","1004. Max Consecutive Ones III","65.2%","Medium"
"50","https://leetcode.com/problems/powx-n","50. Pow(x, n)","36.4%","Medium"
"56","https://leetcode.com/problems/merge-intervals","56. Merge Intervals","48.8%","Medium"
"146","https://leetcode.com/problems/lru-cache","146. LRU Cache","44.4%","Medium"
"807","https://leetcode.com/problems/custom-sort-string","791. Custom Sort String","71.7%","Medium"
"346","https://leetcode.com/problems/moving-average-from-data-stream","346. Moving Average from Data Stream","79.6%","Easy"
"121","https://leetcode.com/problems/best-time-to-buy-and-sell-stock","121. Best Time to Buy and Sell Stock","54.7%","Easy"
"1014","https://leetcode.com/problems/k-closest-points-to-origin","973. K Closest Points to Origin","67.5%","Medium"
"125","https://leetcode.com/problems/valid-palindrome","125. Valid Palindrome","50.1%","Easy"
"670","https://leetcode.com/problems/maximum-swap","670. Maximum Swap","51.7%","Medium"
"224","https://leetcode.com/problems/basic-calculator","224. Basic Calculator","44.8%","Hard"
"975","https://leetcode.com/problems/range-sum-of-bst","938. Range Sum of BST","87.3%","Easy"
"1028","https://leetcode.com/problems/interval-list-intersections","986. Interval List Intersections","72.4%","Medium"
"1171","https://leetcode.com/problems/shortest-path-in-binary-matrix","1091. Shortest Path in Binary Matrix","49.1%","Medium"
"282","https://leetcode.com/problems/expression-add-operators","282. Expression Add Operators","41.0%","Hard"
"854","https://leetcode.com/problems/making-a-large-island","827. Making A Large Island","54.2%","Hard"
"199","https://leetcode.com/problems/binary-tree-right-side-view","199. Binary Tree Right Side View","65.5%","Medium"
"270","https://leetcode.com/problems/closest-binary-search-tree-value","270. Closest Binary Search Tree Value","50.2%","Easy"
"65","https://leetcode.com/problems/valid-number","65. Valid Number","21.1%","Hard"
"249","https://leetcode.com/problems/group-shifted-strings","249. Group Shifted Strings","66.9%","Medium"
"850","https://leetcode.com/problems/insert-into-a-sorted-circular-linked-list","708. Insert into a Sorted Circular Linked List","37.6%","Medium"
"392","https://leetcode.com/problems/is-subsequence","392. Is Subsequence","48.2%","Easy"
"19","https://leetcode.com/problems/remove-nth-node-from-end-of-list","19. Remove Nth Node From End of List","48.0%","Medium"
"23","https://leetcode.com/problems/merge-k-sorted-lists","23. Merge k Sorted Lists","55.7%","Hard"
"34","https://leetcode.com/problems/find-first-and-last-position-of-element-in-sorted-array","34. Find First and Last Position of Element in Sorted Array","46.1%","Medium"
"219","https://leetcode.com/problems/contains-duplicate-ii","219. Contains Duplicate II","48.0%","Easy"
"523","https://leetcode.com/problems/continuous-subarray-sum","523. Continuous Subarray Sum","30.7%","Medium"
"14","https://leetcode.com/problems/longest-common-prefix","14. Longest Common Prefix","44.8%","Easy"
"20","https://leetcode.com/problems/valid-parentheses","20. Valid Parentheses","41.8%","Easy"
"133","https://leetcode.com/problems/clone-graph","133. Clone Graph","61.1%","Medium"
"851","https://leetcode.com/problems/goat-latin","824. Goat Latin","69.1%","Easy"
"1","https://leetcode.com/problems/two-sum","1. Two Sum","55.0%","Easy"
"1128","https://leetcode.com/problems/remove-all-adjacent-duplicates-in-string","1047. Remove All Adjacent Duplicates In String","71.0%","Easy"
"893","https://leetcode.com/problems/all-nodes-distance-k-in-binary-tree","863. All Nodes Distance K in Binary Tree","65.8%","Medium"
"3","https://leetcode.com/problems/longest-substring-without-repeating-characters","3. Longest Substring Without Repeating Characters","36.3%","Medium"
"31","https://leetcode.com/problems/next-permutation","31. Next Permutation","42.3%","Medium"
"76","https://leetcode.com/problems/minimum-window-substring","76. Minimum Window Substring","44.6%","Hard"
"78","https://leetcode.com/problems/subsets","78. Subsets","80.2%","Medium"
"1646","https://leetcode.com/problems/kth-missing-positive-number","1539. Kth Missing Positive Number","61.7%","Easy"
"636","https://leetcode.com/problems/exclusive-time-of-functions","636. Exclusive Time of Functions","64.0%","Medium"
"207","https://leetcode.com/problems/course-schedule","207. Course Schedule","48.4%","Medium"
"253","https://leetcode.com/problems/meeting-rooms-ii","253. Meeting Rooms II","51.9%","Medium"
"26","https://leetcode.com/problems/remove-duplicates-from-sorted-array","26. Remove Duplicates from Sorted Array","59.4%","Easy"
"116","https://leetcode.com/problems/populating-next-right-pointers-in-each-node","116. Populating Next Right Pointers in Each Node","64.8%","Medium"
"128","https://leetcode.com/problems/longest-consecutive-sequence","128. Longest Consecutive Sequence","47.2%","Medium"
"647","https://leetcode.com/problems/palindromic-substrings","647. Palindromic Substrings","71.2%","Medium"
"139","https://leetcode.com/problems/word-break","139. Word Break","47.8%","Medium"
"140","https://leetcode.com/problems/word-break-ii","140. Word Break II","52.9%","Hard"
"1178","https://leetcode.com/problems/valid-palindrome-iii","1216. Valid Palindrome III","49.1%","Hard"
"173","https://leetcode.com/problems/binary-search-tree-iterator","173. Binary Search Tree Iterator","74.2%","Medium"
"721","https://leetcode.com/problems/accounts-merge","721. Accounts Merge","58.8%","Medium"
"758","https://leetcode.com/problems/convert-binary-search-tree-to-sorted-doubly-linked-list","426. Convert Binary Search Tree to Sorted Doubly Linked List","65.3%","Medium"
"2809","https://leetcode.com/problems/create-hello-world-function","2667. Create Hello World Function","81.8%","Easy"
"311","https://leetcode.com/problems/sparse-matrix-multiplication","311. Sparse Matrix Multiplication","68.5%","Medium"
"865","https://leetcode.com/problems/robot-room-cleaner","489. Robot Room Cleaner","77.1%","Hard"
"1894","https://leetcode.com/problems/merge-strings-alternately","1768. Merge Strings Alternately","81.8%","Easy"
"498","https://leetcode.com/problems/diagonal-traverse","498. Diagonal Traverse","62.4%","Medium"
"4","https://leetcode.com/problems/median-of-two-sorted-arrays","4. Median of Two Sorted Arrays","42.9%","Hard"
"11","https://leetcode.com/problems/container-with-most-water","11. Container With Most Water","57.1%","Medium"
"529","https://leetcode.com/problems/minesweeper","529. Minesweeper","67.7%","Medium"
"33","https://leetcode.com/problems/search-in-rotated-sorted-array","33. Search in Rotated Sorted Array","42.3%","Medium"
"43","https://leetcode.com/problems/multiply-strings","43. Multiply Strings","41.8%","Medium"
"1160","https://leetcode.com/problems/letter-tile-possibilities","1079. Letter Tile Possibilities","83.6%","Medium"
"163","https://leetcode.com/problems/missing-ranges","163. Missing Ranges","35.0%","Easy"
"777","https://leetcode.com/problems/toeplitz-matrix","766. Toeplitz Matrix","69.5%","Easy"
"269","https://leetcode.com/problems/alien-dictionary","269. Alien Dictionary","36.4%","Hard"
"301","https://leetcode.com/problems/remove-invalid-parentheses","301. Remove Invalid Parentheses","48.9%","Hard"
"341","https://leetcode.com/problems/flatten-nested-list-iterator","341. Flatten Nested List Iterator","65.1%","Medium"
"378","https://leetcode.com/problems/kth-smallest-element-in-a-sorted-matrix","378. Kth Smallest Element in a Sorted Matrix","63.2%","Medium"
"380","https://leetcode.com/problems/insert-delete-getrandom-o1","380. Insert Delete GetRandom O(1)","54.9%","Medium"
"2","https://leetcode.com/problems/add-two-numbers","2. Add Two Numbers","45.4%","Medium"
"1539","https://leetcode.com/problems/diagonal-traverse-ii","1424. Diagonal Traverse II","57.7%","Medium"
"8","https://leetcode.com/problems/string-to-integer-atoi","8. String to Integer (atoi)","18.7%","Medium"
"9","https://leetcode.com/problems/palindrome-number","9. Palindrome Number","58.6%","Easy"
"13","https://leetcode.com/problems/roman-to-integer","13. Roman to Integer","64.1%","Easy"
"15","https://leetcode.com/problems/3sum","15. 3Sum","36.4%","Medium"
"2583","https://leetcode.com/problems/divide-nodes-into-the-maximum-number-of-groups","2493. Divide Nodes Into the Maximum Number of Groups","67.7%","Hard"
"536","https://leetcode.com/problems/construct-binary-tree-from-string","536. Construct Binary Tree from String","58.0%","Medium"
"66","https://leetcode.com/problems/plus-one","66. Plus One","47.0%","Easy"
"1093","https://leetcode.com/problems/recover-a-tree-from-preorder-traversal","1028. Recover a Tree From Preorder Traversal","83.3%","Hard"
"17","https://leetcode.com/problems/letter-combinations-of-a-phone-number","17. Letter Combinations of a Phone Number","63.0%","Medium"
"127","https://leetcode.com/problems/word-ladder","127. Word Ladder","41.8%","Hard"
"658","https://leetcode.com/problems/find-k-closest-elements","658. Find K Closest Elements","48.3%","Medium"
"213","https://leetcode.com/problems/house-robber-ii","213. House Robber II","43.1%","Medium"
"733","https://leetcode.com/problems/flood-fill","733. Flood Fill","65.8%","Easy"
"239","https://leetcode.com/problems/sliding-window-maximum","239. Sliding Window Maximum","47.2%","Hard"
"240","https://leetcode.com/problems/search-a-2d-matrix-ii","240. Search a 2D Matrix II","54.4%","Medium"
"792","https://leetcode.com/problems/binary-search","704. Binary Search","59.1%","Easy"
"283","https://leetcode.com/problems/move-zeroes","283. Move Zeroes","62.5%","Easy"
"300","https://leetcode.com/problems/longest-increasing-subsequence","300. Longest Increasing Subsequence","57.1%","Medium"
"1908","https://leetcode.com/problems/recyclable-and-low-fat-products","1757. Recyclable and Low Fat Products","89.4%","Easy"
"3447","https://leetcode.com/problems/clear-digits","3174. Clear Digits","82.7%","Easy"
"398","https://leetcode.com/problems/random-pick-index","398. Random Pick Index","64.3%","Medium"
"435","https://leetcode.com/problems/non-overlapping-intervals","435. Non-overlapping Intervals","54.9%","Medium"
"990","https://leetcode.com/problems/verifying-an-alien-dictionary","953. Verifying an Alien Dictionary","55.4%","Easy"
"480","https://leetcode.com/problems/sliding-window-median","480. Sliding Window Median","38.7%","Hard"
"998","https://leetcode.com/problems/check-completeness-of-a-binary-tree","958. Check Completeness of a Binary Tree","58.0%","Medium"
"503","https://leetcode.com/problems/next-greater-element-ii","503. Next Greater Element II","65.5%","Medium"
"1544","https://leetcode.com/problems/count-good-nodes-in-binary-tree","1448. Count Good Nodes in Binary Tree","73.3%","Medium"
"7","https://leetcode.com/problems/reverse-integer","7. Reverse Integer","29.8%","Medium"
"10","https://leetcode.com/problems/regular-expression-matching","10. Regular Expression Matching","28.9%","Hard"
"1554","https://leetcode.com/problems/minimum-time-to-collect-all-apples-in-a-tree","1443. Minimum Time to Collect All Apples in a Tree","62.8%","Medium"
"5","https://leetcode.com/problems/longest-palindromic-substring","5. Longest Palindromic Substring","35.3%","Medium"
"1050","https://leetcode.com/problems/construct-binary-search-tree-from-preorder-traversal","1008. Construct Binary Search Tree from Preorder Traversal","83.0%","Medium"
"516","https://leetcode.com/problems/longest-palindromic-subsequence","516. Longest Palindromic Subsequence","63.6%","Medium"
"39","https://leetcode.com/problems/combination-sum","39. Combination Sum","73.9%","Medium"
"42","https://leetcode.com/problems/trapping-rain-water","42. Trapping Rain Water","64.2%","Hard"
"54","https://leetcode.com/problems/spiral-matrix","54. Spiral Matrix","52.8%","Medium"
"61","https://leetcode.com/problems/rotate-list","61. Rotate List","39.3%","Medium"
"62","https://leetcode.com/problems/unique-paths","62. Unique Paths","65.4%","Medium"
"69","https://leetcode.com/problems/sqrtx","69. Sqrt(x)","40.0%","Easy"
"70","https://leetcode.com/problems/climbing-stairs","70. Climbing Stairs","53.3%","Easy"
"584","https://leetcode.com/problems/find-customer-referee","584. Find Customer Referee","71.6%","Easy"
"73","https://leetcode.com/problems/set-matrix-zeroes","73. Set Matrix Zeroes","58.9%","Medium"
"75","https://leetcode.com/problems/sort-colors","75. Sort Colors","66.3%","Medium"
"1621","https://leetcode.com/problems/number-of-subsequences-that-satisfy-the-given-sum-condition","1498. Number of Subsequences That Satisfy the Given Sum Condition","43.8%","Medium"
"609","https://leetcode.com/problems/find-duplicate-file-in-system","609. Find Duplicate File in System","67.6%","Medium"
"101","https://leetcode.com/problems/symmetric-tree","101. Symmetric Tree","58.6%","Easy"
"1146","https://leetcode.com/problems/greatest-common-divisor-of-strings","1071. Greatest Common Divisor of Strings","52.5%","Easy"
"135","https://leetcode.com/problems/candy","135. Candy","44.4%","Hard"
"155","https://leetcode.com/problems/min-stack","155. Min Stack","55.9%","Medium"
"692","https://leetcode.com/problems/top-k-frequent-words","692. Top K Frequent Words","58.9%","Medium"
"695","https://leetcode.com/problems/max-area-of-island","695. Max Area of Island","72.9%","Medium"
"189","https://leetcode.com/problems/rotate-array","189. Rotate Array","42.4%","Medium"
"210","https://leetcode.com/problems/course-schedule-ii","210. Course Schedule II","52.6%","Medium"
"221","https://leetcode.com/problems/maximal-square","221. Maximal Square","48.2%","Medium"
"234","https://leetcode.com/problems/palindrome-linked-list","234. Palindrome Linked List","55.1%","Easy"
"1285","https://leetcode.com/problems/balance-a-binary-search-tree","1382. Balance a Binary Search Tree","84.7%","Medium"
"1320","https://leetcode.com/problems/remove-all-adjacent-duplicates-in-string-ii","1209. Remove All Adjacent Duplicates in String II","59.1%","Medium"
"303","https://leetcode.com/problems/range-sum-query-immutable","303. Range Sum Query - Immutable","67.2%","Easy"
"304","https://leetcode.com/problems/range-sum-query-2d-immutable","304. Range Sum Query 2D - Immutable","56.0%","Medium"
"816","https://leetcode.com/problems/design-hashset","705. Design HashSet","67.3%","Easy"
"1878","https://leetcode.com/problems/check-if-array-is-sorted-and-rotated","1752. Check if Array Is Sorted and Rotated","54.9%","Easy"
"852","https://leetcode.com/problems/friends-of-appropriate-ages","825. Friends Of Appropriate Ages","48.7%","Medium"
"860","https://leetcode.com/problems/design-circular-queue","622. Design Circular Queue","52.3%","Medium"
"348","https://leetcode.com/problems/design-tic-tac-toe","348. Design Tic-Tac-Toe","58.4%","Medium"
"3429","https://leetcode.com/problems/special-array-i","3151. Special Array I","82.1%","Easy"
"1400","https://leetcode.com/problems/find-winner-on-a-tic-tac-toe-game","1275. Find Winner on a Tic Tac Toe Game","54.1%","Easy"
"1915","https://leetcode.com/problems/check-if-one-string-swap-can-make-strings-equal","1790. Check if One String Swap Can Make Strings Equal","49.5%","Easy"
"898","https://leetcode.com/problems/transpose-matrix","867. Transpose Matrix","73.6%","Easy"
"907","https://leetcode.com/problems/koko-eating-bananas","875. Koko Eating Bananas","48.8%","Medium"
"402","https://leetcode.com/problems/remove-k-digits","402. Remove K Digits","34.4%","Medium"
"415","https://leetcode.com/problems/add-strings","415. Add Strings","51.7%","Easy"
"932","https://leetcode.com/problems/monotonic-array","896. Monotonic Array","61.6%","Easy"
"1960","https://leetcode.com/problems/check-if-the-sentence-is-pangram","1832. Check if the Sentence Is Pangram","83.7%","Easy"
"1966","https://leetcode.com/problems/frequency-of-the-most-frequent-element","1838. Frequency of the Most Frequent Element","44.0%","Medium"
"432","https://leetcode.com/problems/all-oone-data-structure","432. All O`one Data Structure","44.9%","Hard"
"2019","https://leetcode.com/problems/product-of-two-run-length-encoded-arrays","1868. Product of Two Run-Length Encoded Arrays","59.1%","Medium"
"1516","https://leetcode.com/problems/the-k-th-lexicographical-string-of-all-happy-strings-of-length-n","1415. The k-th Lexicographical String of All Happy Strings of Length n","85.4%","Medium"
"3062","https://leetcode.com/problems/create-a-dataframe-from-list","2877. Create a DataFrame from List","81.4%","Easy"
"1019","https://leetcode.com/problems/squares-of-a-sorted-array","977. Squares of a Sorted Array","73.1%","Easy"
"2045","https://leetcode.com/problems/cutting-ribbons","1891. Cutting Ribbons","51.7%","Medium"